Case ID,Suspect,Variable,Value,Description,Solution
C1041,Minhaz,Opportunity,Low,Opportunity used as Low,Minhaz
C4806,Minhaz,Location,Bedroom,Location used as Bedroom,Fanna
C8083,Hasib,Motive,None,Motive used as None,Farhan
C4026,Farhan,Opportunity,Low,Opportunity used as Low,Farhan
C9536,Farhan,Opportunity,Low,Opportunity used as Low,Hasib
C4711,Minhaz,Weapon,Gun,Weapon used as Gun,Farhan
C3214,Farhan,Motive,None,Motive used as None,Fanna
C2273,Hasib,Motive,Greed,Motive used as Greed,Hasib
C7820,Minhaz,Weapon,Fists,Weapon used as Fists,Fanna
C6536,Fanna,Opportunity,High,Opportunity used as High,Hasib
C2268,Minhaz,Motive,Greed,Motive used as Greed,Fanna
C5390,Farhan,Location,Kitchen,Location used as Kitchen,Farhan
C8656,Hasib,Weapon,Fists,Weapon used as Fists,Farhan
C5273,Fanna,Weapon,Poison,Weapon used as Poison,Fanna
C8286,Hasib,Motive,Revenge,Motive used as Revenge,Farhan
C7246,Minhaz,Weapon,Fists,Weapon used as Fists,Farhan
C7380,Hasib,Opportunity,High,Opportunity used as High,Minhaz
C1148,Farhan,Location,Living Room,Location used as Living Room,Farhan
C4136,Fanna,Weapon,Knife,Weapon used as Knife,Fanna
C9817,Fanna,Weapon,Fists,Weapon used as Fists,Hasib
C9406,Farhan,Motive,Jealousy,Motive used as Jealousy,Hasib
C7921,Farhan,Motive,None,Motive used as None,Farhan
C8164,Hasib,Opportunity,Medium,Opportunity used as Medium,Hasib
C6957,Farhan,Location,Kitchen,Location used as Kitchen,Farhan
C8094,Hasib,Motive,Revenge,Motive used as Revenge,Hasib
C8429,Farhan,Weapon,Gun,Weapon used as Gun,Fanna
C6232,Hasib,Weapon,Knife,Weapon used as Knife,Minhaz
C7089,Hasib,Location,Bedroom,Location used as Bedroom,Hasib
C7681,Hasib,Weapon,Fists,Weapon used as Fists,Hasib
C2100,Fanna,Motive,Revenge,Motive used as Revenge,Minhaz
C5483,Minhaz,Motive,Revenge,Motive used as Revenge,Hasib
C4627,Minhaz,Weapon,Gun,Weapon used as Gun,Minhaz
C3035,Hasib,Opportunity,High,Opportunity used as High,Hasib
C4862,Hasib,Weapon,Fists,Weapon used as Fists,Hasib
C3750,Fanna,Motive,None,Motive used as None,Hasib
C8852,Hasib,Weapon,Poison,Weapon used as Poison,Minhaz
C9955,Minhaz,Motive,Jealousy,Motive used as Jealousy,Hasib
C1981,Minhaz,Opportunity,Medium,Opportunity used as Medium,Fanna
C3611,Hasib,Opportunity,Medium,Opportunity used as Medium,Minhaz
C2984,Minhaz,Weapon,Gun,Weapon used as Gun,Minhaz
C1253,Fanna,Motive,Jealousy,Motive used as Jealousy,Minhaz
C3241,Farhan,Weapon,Knife,Weapon used as Knife,Hasib
C9635,Minhaz,Location,Kitchen,Location used as Kitchen,Minhaz
C4883,Farhan,Opportunity,Medium,Opportunity used as Medium,Farhan
C8588,Minhaz,Opportunity,Medium,Opportunity used as Medium,Minhaz
C1046,Hasib,Location,Bedroom,Location used as Bedroom,Hasib
C6894,Hasib,Location,Living Room,Location used as Living Room,Minhaz
C6537,Farhan,Location,Kitchen,Location used as Kitchen,Farhan
C9666,Farhan,Weapon,Poison,Weapon used as Poison,Hasib
C3607,Minhaz,Motive,Revenge,Motive used as Revenge,Minhaz
C6388,Farhan,Motive,None,Motive used as None,Farhan
C2390,Fanna,Opportunity,High,Opportunity used as High,Fanna
C8522,Fanna,Motive,Jealousy,Motive used as Jealousy,Farhan
C7078,Fanna,Motive,Jealousy,Motive used as Jealousy,Fanna
C4948,Farhan,Location,Bedroom,Location used as Bedroom,Hasib
C2580,Minhaz,Weapon,Gun,Weapon used as Gun,Minhaz
C2296,Farhan,Weapon,Knife,Weapon used as Knife,Farhan
C3177,Hasib,Location,Kitchen,Location used as Kitchen,Minhaz
C8101,Hasib,Motive,Revenge,Motive used as Revenge,Farhan
C9775,Minhaz,Weapon,Gun,Weapon used as Gun,Minhaz
C9919,Farhan,Opportunity,Medium,Opportunity used as Medium,Farhan
C4819,Hasib,Opportunity,Medium,Opportunity used as Medium,Hasib
C4171,Minhaz,Motive,Jealousy,Motive used as Jealousy,Farhan
C5080,Fanna,Motive,None,Motive used as None,Fanna
C4865,Minhaz,Location,Kitchen,Location used as Kitchen,Minhaz
C1991,Farhan,Weapon,Gun,Weapon used as Gun,Farhan
C6179,Farhan,Opportunity,Medium,Opportunity used as Medium,Hasib
C2874,Minhaz,Location,Kitchen,Location used as Kitchen,Minhaz
C1467,Farhan,Motive,Greed,Motive used as Greed,Minhaz
C4891,Fanna,Opportunity,Low,Opportunity used as Low,Fanna
C2022,Fanna,Location,Living Room,Location used as Living Room,Farhan
C8499,Minhaz,Motive,None,Motive used as None,Fanna
C5061,Farhan,Opportunity,Low,Opportunity used as Low,Minhaz
C5299,Fanna,Location,Kitchen,Location used as Kitchen,Fanna
C7388,Minhaz,Location,Living Room,Location used as Living Room,Minhaz
C4956,Farhan,Location,Garden,Location used as Garden,Fanna
C2051,Hasib,Opportunity,High,Opportunity used as High,Hasib
C1329,Farhan,Motive,Greed,Motive used as Greed,Farhan
C7457,Fanna,Weapon,Gun,Weapon used as Gun,Fanna
C5405,Farhan,Location,Living Room,Location used as Living Room,Farhan
C1843,Farhan,Opportunity,Low,Opportunity used as Low,Farhan
C6357,Hasib,Weapon,Fists,Weapon used as Fists,Fanna
C9142,Farhan,Location,Kitchen,Location used as Kitchen,Farhan
C9985,Farhan,Weapon,Gun,Weapon used as Gun,Farhan
C8180,Fanna,Motive,Revenge,Motive used as Revenge,Farhan
C3778,Farhan,Motive,Greed,Motive used as Greed,Farhan
C2554,Hasib,Location,Living Room,Location used as Living Room,Fanna
C3550,Fanna,Opportunity,Medium,Opportunity used as Medium,Fanna
C3021,Fanna,Weapon,Fists,Weapon used as Fists,Fanna
C2520,Minhaz,Location,Bedroom,Location used as Bedroom,Minhaz
C6125,Fanna,Motive,None,Motive used as None,Fanna
C5878,Minhaz,Weapon,Fists,Weapon used as Fists,Fanna
C5639,Minhaz,Opportunity,Medium,Opportunity used as Medium,Farhan
C4305,Farhan,Weapon,Fists,Weapon used as Fists,Farhan
C5896,Farhan,Opportunity,High,Opportunity used as High,Hasib
C5689,Hasib,Opportunity,Medium,Opportunity used as Medium,Farhan
C5117,Farhan,Opportunity,Medium,Opportunity used as Medium,Hasib
C7707,Fanna,Motive,Revenge,Motive used as Revenge,Fanna
C4639,Minhaz,Location,Kitchen,Location used as Kitchen,Minhaz
C3833,Fanna,Motive,Jealousy,Motive used as Jealousy,Farhan
C1503,Hasib,Opportunity,Low,Opportunity used as Low,Hasib
C3290,Minhaz,Weapon,Knife,Weapon used as Knife,Minhaz
C7990,Fanna,Opportunity,Medium,Opportunity used as Medium,Fanna
C5250,Fanna,Opportunity,Low,Opportunity used as Low,Minhaz
C6124,Minhaz,Opportunity,Low,Opportunity used as Low,Hasib
C2123,Minhaz,Motive,None,Motive used as None,Minhaz
C9087,Farhan,Location,Kitchen,Location used as Kitchen,Farhan
C9749,Minhaz,Weapon,Gun,Weapon used as Gun,Minhaz
C2775,Hasib,Opportunity,Medium,Opportunity used as Medium,Fanna
C6520,Minhaz,Weapon,Fists,Weapon used as Fists,Minhaz
C8137,Hasib,Motive,None,Motive used as None,Farhan
C1007,Minhaz,Motive,Greed,Motive used as Greed,Minhaz
C2771,Farhan,Weapon,Gun,Weapon used as Gun,Farhan
C5733,Hasib,Opportunity,High,Opportunity used as High,Farhan
C8220,Hasib,Weapon,Knife,Weapon used as Knife,Fanna
C5564,Hasib,Opportunity,Medium,Opportunity used as Medium,Hasib
C3248,Minhaz,Motive,None,Motive used as None,Minhaz
C1675,Fanna,Location,Bedroom,Location used as Bedroom,Fanna
C2774,Fanna,Motive,Jealousy,Motive used as Jealousy,Fanna
C3453,Minhaz,Motive,None,Motive used as None,Minhaz
C8825,Farhan,Weapon,Knife,Weapon used as Knife,Fanna
C1502,Hasib,Opportunity,Low,Opportunity used as Low,Hasib
C1928,Hasib,Opportunity,High,Opportunity used as High,Fanna
C1411,Hasib,Location,Bedroom,Location used as Bedroom,Fanna
C7815,Hasib,Location,Bedroom,Location used as Bedroom,Farhan
C2850,Farhan,Location,Kitchen,Location used as Kitchen,Minhaz
C9045,Fanna,Opportunity,Medium,Opportunity used as Medium,Hasib
C2199,Hasib,Location,Bedroom,Location used as Bedroom,Hasib
C6125,Farhan,Location,Garden,Location used as Garden,Minhaz
C7342,Fanna,Motive,Revenge,Motive used as Revenge,Fanna
C9683,Farhan,Motive,Jealousy,Motive used as Jealousy,Farhan
C7545,Minhaz,Opportunity,Medium,Opportunity used as Medium,Minhaz
C6526,Minhaz,Location,Garden,Location used as Garden,Minhaz
C1370,Hasib,Weapon,Fists,Weapon used as Fists,Hasib
C2827,Farhan,Motive,Greed,Motive used as Greed,Hasib
C2153,Fanna,Opportunity,High,Opportunity used as High,Hasib
C9072,Hasib,Motive,Jealousy,Motive used as Jealousy,Hasib
C2579,Minhaz,Weapon,Fists,Weapon used as Fists,Minhaz
C3514,Fanna,Motive,Revenge,Motive used as Revenge,Hasib
C3786,Fanna,Weapon,Knife,Weapon used as Knife,Farhan
C6041,Hasib,Weapon,Gun,Weapon used as Gun,Hasib
C2608,Fanna,Motive,Jealousy,Motive used as Jealousy,Fanna
C3891,Farhan,Opportunity,High,Opportunity used as High,Fanna
C6605,Fanna,Location,Garden,Location used as Garden,Hasib
C5038,Fanna,Weapon,Poison,Weapon used as Poison,Farhan
C7612,Farhan,Location,Bedroom,Location used as Bedroom,Farhan
C8631,Farhan,Weapon,Fists,Weapon used as Fists,Farhan
C4588,Fanna,Motive,Greed,Motive used as Greed,Fanna
C3831,Fanna,Location,Kitchen,Location used as Kitchen,Minhaz
C9612,Minhaz,Opportunity,Low,Opportunity used as Low,Farhan
C4907,Minhaz,Opportunity,Medium,Opportunity used as Medium,Fanna
C3924,Farhan,Location,Living Room,Location used as Living Room,Farhan
C4885,Minhaz,Opportunity,Medium,Opportunity used as Medium,Minhaz
C8008,Minhaz,Location,Living Room,Location used as Living Room,Minhaz
C4548,Hasib,Location,Garden,Location used as Garden,Hasib
C2241,Minhaz,Weapon,Poison,Weapon used as Poison,Minhaz
C5520,Fanna,Opportunity,Low,Opportunity used as Low,Fanna
C3275,Minhaz,Opportunity,Low,Opportunity used as Low,Hasib
C8380,Minhaz,Motive,Revenge,Motive used as Revenge,Farhan
C9728,Farhan,Motive,None,Motive used as None,Farhan
C3905,Minhaz,Opportunity,High,Opportunity used as High,Farhan
C9603,Minhaz,Opportunity,High,Opportunity used as High,Minhaz
C6252,Farhan,Opportunity,Low,Opportunity used as Low,Farhan
C3486,Fanna,Weapon,Fists,Weapon used as Fists,Farhan
C9162,Minhaz,Motive,None,Motive used as None,Farhan
C8611,Minhaz,Location,Bedroom,Location used as Bedroom,Hasib
C3241,Farhan,Weapon,Gun,Weapon used as Gun,Farhan
C8625,Farhan,Weapon,Fists,Weapon used as Fists,Fanna
C8980,Farhan,Location,Living Room,Location used as Living Room,Fanna
C2210,Fanna,Location,Bedroom,Location used as Bedroom,Minhaz
C5056,Hasib,Opportunity,High,Opportunity used as High,Hasib
C1785,Hasib,Opportunity,High,Opportunity used as High,Hasib
C6536,Minhaz,Weapon,Poison,Weapon used as Poison,Farhan
C9619,Farhan,Weapon,Knife,Weapon used as Knife,Farhan
C3926,Fanna,Weapon,Knife,Weapon used as Knife,Fanna
C7025,Minhaz,Opportunity,Medium,Opportunity used as Medium,Hasib
C6283,Hasib,Weapon,Poison,Weapon used as Poison,Hasib
C7901,Farhan,Weapon,Knife,Weapon used as Knife,Farhan
C2071,Farhan,Location,Kitchen,Location used as Kitchen,Farhan
C4470,Minhaz,Opportunity,Medium,Opportunity used as Medium,Minhaz
C7073,Minhaz,Location,Garden,Location used as Garden,Fanna
C4058,Minhaz,Motive,Greed,Motive used as Greed,Minhaz
C6722,Hasib,Motive,Greed,Motive used as Greed,Farhan
C5360,Minhaz,Motive,None,Motive used as None,Hasib
C5468,Hasib,Location,Living Room,Location used as Living Room,Hasib
C9561,Hasib,Opportunity,High,Opportunity used as High,Hasib
C9133,Fanna,Motive,Jealousy,Motive used as Jealousy,Fanna
C9413,Fanna,Location,Bedroom,Location used as Bedroom,Minhaz
C1641,Farhan,Location,Living Room,Location used as Living Room,Minhaz
C4967,Fanna,Weapon,Fists,Weapon used as Fists,Minhaz
C7568,Hasib,Motive,Greed,Motive used as Greed,Minhaz
C2704,Fanna,Location,Kitchen,Location used as Kitchen,Fanna
C5764,Farhan,Motive,Revenge,Motive used as Revenge,Farhan
C5157,Hasib,Motive,Revenge,Motive used as Revenge,Hasib
C6644,Fanna,Opportunity,High,Opportunity used as High,Minhaz
C1950,Minhaz,Motive,Jealousy,Motive used as Jealousy,Minhaz
C1078,Farhan,Opportunity,High,Opportunity used as High,Farhan
C2312,Fanna,Motive,Revenge,Motive used as Revenge,Farhan
C8960,Minhaz,Weapon,Fists,Weapon used as Fists,Minhaz
C2398,Farhan,Weapon,Poison,Weapon used as Poison,Farhan
C8090,Hasib,Opportunity,Low,Opportunity used as Low,Hasib
C5715,Fanna,Weapon,Gun,Weapon used as Gun,Fanna
C1521,Minhaz,Opportunity,Low,Opportunity used as Low,Hasib
C8669,Fanna,Location,Garden,Location used as Garden,Hasib
C5554,Farhan,Weapon,Fists,Weapon used as Fists,Farhan
C8200,Farhan,Location,Garden,Location used as Garden,Fanna
C5357,Farhan,Motive,Revenge,Motive used as Revenge,Minhaz
C3055,Minhaz,Location,Bedroom,Location used as Bedroom,Farhan
C4971,Minhaz,Opportunity,High,Opportunity used as High,Hasib
C9628,Hasib,Motive,None,Motive used as None,Farhan
C2502,Hasib,Opportunity,High,Opportunity used as High,Minhaz
C8715,Farhan,Location,Garden,Location used as Garden,Farhan
C5134,Farhan,Weapon,Knife,Weapon used as Knife,Fanna
C3234,Fanna,Opportunity,High,Opportunity used as High,Fanna
C2008,Farhan,Opportunity,Low,Opportunity used as Low,Farhan
C3809,Farhan,Motive,Greed,Motive used as Greed,Farhan
C9087,Fanna,Location,Kitchen,Location used as Kitchen,Fanna
C3801,Farhan,Location,Bedroom,Location used as Bedroom,Fanna
C7234,Fanna,Opportunity,Medium,Opportunity used as Medium,Fanna
C8522,Minhaz,Motive,Greed,Motive used as Greed,Minhaz
C8805,Farhan,Opportunity,Low,Opportunity used as Low,Farhan
C6436,Minhaz,Motive,Greed,Motive used as Greed,Minhaz
C8754,Hasib,Location,Living Room,Location used as Living Room,Hasib
C2894,Hasib,Weapon,Poison,Weapon used as Poison,Hasib
C3014,Minhaz,Weapon,Poison,Weapon used as Poison,Farhan
C9234,Hasib,Weapon,Fists,Weapon used as Fists,Hasib
C5223,Fanna,Location,Bedroom,Location used as Bedroom,Fanna
C6310,Minhaz,Motive,None,Motive used as None,Hasib
C2872,Hasib,Weapon,Gun,Weapon used as Gun,Minhaz
C5094,Hasib,Opportunity,Low,Opportunity used as Low,Hasib
C8640,Minhaz,Opportunity,Low,Opportunity used as Low,Fanna
C7606,Farhan,Motive,Greed,Motive used as Greed,Farhan
C4097,Minhaz,Motive,Revenge,Motive used as Revenge,Minhaz
C9261,Hasib,Motive,Revenge,Motive used as Revenge,Hasib
C8927,Fanna,Motive,Revenge,Motive used as Revenge,Fanna
C3644,Hasib,Opportunity,Medium,Opportunity used as Medium,Minhaz
C6678,Fanna,Weapon,Knife,Weapon used as Knife,Fanna
C8762,Fanna,Opportunity,Medium,Opportunity used as Medium,Fanna
C4399,Farhan,Opportunity,Low,Opportunity used as Low,Farhan
C7492,Fanna,Motive,Revenge,Motive used as Revenge,Fanna
C7615,Farhan,Motive,None,Motive used as None,Minhaz
C4145,Minhaz,Opportunity,Medium,Opportunity used as Medium,Hasib
C9217,Minhaz,Weapon,Knife,Weapon used as Knife,Minhaz
C7973,Minhaz,Opportunity,Medium,Opportunity used as Medium,Fanna
C6037,Farhan,Location,Garden,Location used as Garden,Farhan
C6014,Hasib,Motive,Jealousy,Motive used as Jealousy,Farhan
C2624,Hasib,Opportunity,Low,Opportunity used as Low,Hasib
C6635,Fanna,Weapon,Knife,Weapon used as Knife,Minhaz
C2538,Hasib,Location,Garden,Location used as Garden,Farhan
C4218,Fanna,Weapon,Poison,Weapon used as Poison,Fanna
C1528,Minhaz,Opportunity,Medium,Opportunity used as Medium,Fanna
C2187,Farhan,Motive,Revenge,Motive used as Revenge,Hasib
C2703,Minhaz,Opportunity,High,Opportunity used as High,Minhaz
C5574,Minhaz,Weapon,Knife,Weapon used as Knife,Hasib
C1739,Farhan,Location,Bedroom,Location used as Bedroom,Fanna
C1426,Hasib,Motive,Revenge,Motive used as Revenge,Hasib
C3109,Minhaz,Opportunity,High,Opportunity used as High,Farhan
C5751,Fanna,Opportunity,High,Opportunity used as High,Hasib
C3627,Fanna,Opportunity,High,Opportunity used as High,Fanna
C2531,Farhan,Location,Kitchen,Location used as Kitchen,Farhan
C3507,Farhan,Opportunity,Medium,Opportunity used as Medium,Fanna
C6353,Hasib,Weapon,Fists,Weapon used as Fists,Fanna
C6285,Farhan,Location,Bedroom,Location used as Bedroom,Hasib
C4298,Farhan,Motive,Greed,Motive used as Greed,Farhan
C6404,Minhaz,Location,Living Room,Location used as Living Room,Farhan
C8893,Fanna,Motive,Jealousy,Motive used as Jealousy,Farhan
C8853,Minhaz,Weapon,Fists,Weapon used as Fists,Hasib
C9876,Farhan,Weapon,Poison,Weapon used as Poison,Fanna
C1093,Hasib,Motive,Revenge,Motive used as Revenge,Hasib
C9084,Minhaz,Location,Bedroom,Location used as Bedroom,Minhaz
C2243,Farhan,Location,Garden,Location used as Garden,Fanna
C5449,Minhaz,Location,Garden,Location used as Garden,Farhan
C1573,Minhaz,Location,Bedroom,Location used as Bedroom,Minhaz
C9075,Farhan,Opportunity,High,Opportunity used as High,Fanna
C1140,Minhaz,Opportunity,Medium,Opportunity used as Medium,Hasib
C9480,Farhan,Location,Bedroom,Location used as Bedroom,Farhan
C8249,Fanna,Motive,None,Motive used as None,Fanna
C5747,Farhan,Weapon,Fists,Weapon used as Fists,Fanna
C2987,Farhan,Opportunity,High,Opportunity used as High,Minhaz
C5382,Minhaz,Location,Garden,Location used as Garden,Minhaz
C7732,Farhan,Motive,None,Motive used as None,Hasib
C2709,Minhaz,Weapon,Gun,Weapon used as Gun,Minhaz
C2327,Hasib,Opportunity,Low,Opportunity used as Low,Hasib
C1174,Minhaz,Location,Garden,Location used as Garden,Fanna
C1105,Hasib,Location,Living Room,Location used as Living Room,Hasib
C5335,Farhan,Weapon,Fists,Weapon used as Fists,Farhan
C9345,Minhaz,Weapon,Gun,Weapon used as Gun,Minhaz
C8016,Farhan,Motive,Greed,Motive used as Greed,Minhaz
C1266,Minhaz,Location,Bedroom,Location used as Bedroom,Minhaz
C5624,Minhaz,Location,Bedroom,Location used as Bedroom,Minhaz
C6232,Farhan,Weapon,Poison,Weapon used as Poison,Minhaz
C7039,Farhan,Motive,Greed,Motive used as Greed,Hasib
C1668,Farhan,Motive,Greed,Motive used as Greed,Farhan
C9472,Fanna,Motive,Jealousy,Motive used as Jealousy,Fanna
C3995,Farhan,Location,Bedroom,Location used as Bedroom,Farhan
C5611,Farhan,Opportunity,Medium,Opportunity used as Medium,Hasib
C8159,Fanna,Location,Living Room,Location used as Living Room,Fanna
C6737,Minhaz,Weapon,Fists,Weapon used as Fists,Minhaz
C6088,Fanna,Motive,Greed,Motive used as Greed,Farhan
C3430,Farhan,Motive,None,Motive used as None,Farhan
C6239,Minhaz,Location,Living Room,Location used as Living Room,Farhan
C4127,Minhaz,Location,Bedroom,Location used as Bedroom,Minhaz
C1656,Hasib,Opportunity,Medium,Opportunity used as Medium,Hasib
C8425,Minhaz,Opportunity,Medium,Opportunity used as Medium,Minhaz
C9934,Minhaz,Location,Kitchen,Location used as Kitchen,Minhaz
C8565,Hasib,Opportunity,Medium,Opportunity used as Medium,Fanna
C6613,Farhan,Opportunity,Medium,Opportunity used as Medium,Minhaz
C7291,Fanna,Opportunity,High,Opportunity used as High,Hasib
C1473,Minhaz,Weapon,Fists,Weapon used as Fists,Minhaz
C3657,Fanna,Weapon,Knife,Weapon used as Knife,Minhaz
C3193,Farhan,Weapon,Gun,Weapon used as Gun,Farhan
C7001,Farhan,Weapon,Poison,Weapon used as Poison,Farhan
C5276,Farhan,Opportunity,Medium,Opportunity used as Medium,Fanna
C9150,Hasib,Location,Bedroom,Location used as Bedroom,Farhan
C2980,Minhaz,Weapon,Fists,Weapon used as Fists,Fanna
C5204,Fanna,Location,Kitchen,Location used as Kitchen,Fanna
C4254,Farhan,Opportunity,Medium,Opportunity used as Medium,Fanna
C3301,Hasib,Opportunity,Medium,Opportunity used as Medium,Hasib
C3547,Minhaz,Weapon,Fists,Weapon used as Fists,Minhaz
C7711,Farhan,Opportunity,Low,Opportunity used as Low,Fanna
C5615,Hasib,Motive,Greed,Motive used as Greed,Hasib
C3277,Farhan,Opportunity,High,Opportunity used as High,Farhan
C1700,Fanna,Opportunity,Medium,Opportunity used as Medium,Fanna
C2729,Fanna,Opportunity,High,Opportunity used as High,Fanna
C3550,Hasib,Motive,None,Motive used as None,Minhaz
C7871,Hasib,Motive,Jealousy,Motive used as Jealousy,Hasib
C3574,Fanna,Motive,Revenge,Motive used as Revenge,Minhaz
C2971,Minhaz,Motive,None,Motive used as None,Hasib
C8181,Fanna,Location,Bedroom,Location used as Bedroom,Fanna
C3817,Farhan,Weapon,Poison,Weapon used as Poison,Farhan
C4950,Minhaz,Opportunity,Medium,Opportunity used as Medium,Minhaz
C5166,Fanna,Location,Living Room,Location used as Living Room,Fanna
C1672,Minhaz,Location,Bedroom,Location used as Bedroom,Farhan
C6926,Farhan,Location,Kitchen,Location used as Kitchen,Farhan
C9356,Minhaz,Opportunity,High,Opportunity used as High,Minhaz
C8154,Minhaz,Weapon,Knife,Weapon used as Knife,Hasib
C5994,Minhaz,Opportunity,Low,Opportunity used as Low,Hasib
C6019,Minhaz,Location,Garden,Location used as Garden,Farhan
C2927,Farhan,Motive,Jealousy,Motive used as Jealousy,Hasib
C3682,Farhan,Location,Garden,Location used as Garden,Farhan
C3442,Minhaz,Opportunity,High,Opportunity used as High,Farhan
C2043,Hasib,Weapon,Knife,Weapon used as Knife,Hasib
C2066,Hasib,Opportunity,High,Opportunity used as High,Hasib
C2742,Hasib,Location,Kitchen,Location used as Kitchen,Fanna
C2453,Minhaz,Motive,None,Motive used as None,Minhaz
C3812,Farhan,Motive,None,Motive used as None,Hasib
C4123,Hasib,Motive,Greed,Motive used as Greed,Hasib
C8120,Hasib,Location,Bedroom,Location used as Bedroom,Farhan
C7712,Farhan,Weapon,Fists,Weapon used as Fists,Fanna
C7996,Hasib,Opportunity,Low,Opportunity used as Low,Fanna
C3482,Hasib,Opportunity,Medium,Opportunity used as Medium,Hasib
C7042,Farhan,Opportunity,Medium,Opportunity used as Medium,Farhan
C4586,Fanna,Motive,Jealousy,Motive used as Jealousy,Fanna
C8612,Hasib,Location,Kitchen,Location used as Kitchen,Farhan
C9574,Fanna,Weapon,Poison,Weapon used as Poison,Hasib
C7895,Minhaz,Weapon,Poison,Weapon used as Poison,Minhaz
C2732,Minhaz,Opportunity,High,Opportunity used as High,Minhaz
C3842,Farhan,Opportunity,Low,Opportunity used as Low,Hasib
C5232,Hasib,Opportunity,Medium,Opportunity used as Medium,Minhaz
C2129,Minhaz,Location,Bedroom,Location used as Bedroom,Minhaz
C7598,Hasib,Weapon,Knife,Weapon used as Knife,Hasib
C6813,Farhan,Location,Living Room,Location used as Living Room,Hasib
C9231,Farhan,Opportunity,Medium,Opportunity used as Medium,Fanna
C5922,Farhan,Location,Kitchen,Location used as Kitchen,Farhan
C3752,Farhan,Opportunity,Medium,Opportunity used as Medium,Farhan
C6983,Farhan,Opportunity,Medium,Opportunity used as Medium,Fanna
C3380,Hasib,Weapon,Knife,Weapon used as Knife,Hasib
C8290,Minhaz,Opportunity,Medium,Opportunity used as Medium,Minhaz
C8413,Farhan,Weapon,Knife,Weapon used as Knife,Hasib
C1347,Minhaz,Opportunity,Medium,Opportunity used as Medium,Fanna
C8248,Minhaz,Weapon,Gun,Weapon used as Gun,Minhaz
C9643,Minhaz,Weapon,Gun,Weapon used as Gun,Minhaz
C5183,Minhaz,Opportunity,Low,Opportunity used as Low,Hasib
C4290,Hasib,Location,Bedroom,Location used as Bedroom,Hasib
C1215,Minhaz,Opportunity,High,Opportunity used as High,Hasib
C3246,Minhaz,Location,Bedroom,Location used as Bedroom,Fanna
C9027,Minhaz,Location,Kitchen,Location used as Kitchen,Farhan
C5951,Minhaz,Motive,Greed,Motive used as Greed,Hasib
C7817,Fanna,Weapon,Fists,Weapon used as Fists,Hasib
C4201,Hasib,Location,Garden,Location used as Garden,Farhan
C3250,Hasib,Motive,Revenge,Motive used as Revenge,Minhaz
C4450,Minhaz,Motive,Revenge,Motive used as Revenge,Fanna
C3377,Hasib,Opportunity,High,Opportunity used as High,Hasib
C6354,Fanna,Location,Kitchen,Location used as Kitchen,Minhaz
C2214,Fanna,Location,Living Room,Location used as Living Room,Fanna
C4144,Hasib,Weapon,Poison,Weapon used as Poison,Fanna
C5606,Hasib,Weapon,Knife,Weapon used as Knife,Farhan
C3422,Farhan,Weapon,Fists,Weapon used as Fists,Hasib
C2270,Minhaz,Weapon,Knife,Weapon used as Knife,Minhaz
C5125,Hasib,Weapon,Gun,Weapon used as Gun,Hasib
C5207,Farhan,Opportunity,High,Opportunity used as High,Fanna
C2173,Farhan,Motive,Jealousy,Motive used as Jealousy,Fanna
C3404,Fanna,Weapon,Knife,Weapon used as Knife,Fanna
C7493,Minhaz,Motive,None,Motive used as None,Minhaz
C4104,Farhan,Motive,Greed,Motive used as Greed,Farhan
C4543,Fanna,Location,Kitchen,Location used as Kitchen,Fanna
C6273,Fanna,Opportunity,High,Opportunity used as High,Farhan
C3555,Fanna,Opportunity,Low,Opportunity used as Low,Farhan
C9170,Minhaz,Opportunity,Medium,Opportunity used as Medium,Minhaz
C4515,Hasib,Motive,Jealousy,Motive used as Jealousy,Fanna
C1897,Minhaz,Motive,Jealousy,Motive used as Jealousy,Minhaz
C3702,Hasib,Location,Kitchen,Location used as Kitchen,Farhan
C1481,Minhaz,Location,Bedroom,Location used as Bedroom,Minhaz
C4306,Fanna,Opportunity,Medium,Opportunity used as Medium,Hasib
C6326,Hasib,Weapon,Gun,Weapon used as Gun,Hasib
C2255,Hasib,Motive,None,Motive used as None,Hasib
C2252,Hasib,Location,Garden,Location used as Garden,Minhaz
C2320,Farhan,Weapon,Gun,Weapon used as Gun,Hasib
C1719,Fanna,Weapon,Gun,Weapon used as Gun,Fanna
C1189,Farhan,Location,Garden,Location used as Garden,Farhan
C4528,Farhan,Motive,Revenge,Motive used as Revenge,Farhan
C8147,Farhan,Location,Kitchen,Location used as Kitchen,Minhaz
C4914,Farhan,Weapon,Gun,Weapon used as Gun,Hasib
C2660,Fanna,Location,Living Room,Location used as Living Room,Farhan
C1547,Hasib,Location,Living Room,Location used as Living Room,Fanna
C2028,Hasib,Location,Garden,Location used as Garden,Hasib
C9565,Minhaz,Location,Garden,Location used as Garden,Minhaz
C2010,Minhaz,Location,Living Room,Location used as Living Room,Minhaz
C8499,Hasib,Motive,Revenge,Motive used as Revenge,Hasib
C3537,Fanna,Location,Kitchen,Location used as Kitchen,Fanna
C9554,Fanna,Weapon,Gun,Weapon used as Gun,Fanna
C3148,Minhaz,Weapon,Poison,Weapon used as Poison,Minhaz
C3510,Fanna,Opportunity,Medium,Opportunity used as Medium,Fanna
C6730,Hasib,Opportunity,Medium,Opportunity used as Medium,Hasib
C5095,Farhan,Motive,Jealousy,Motive used as Jealousy,Farhan
C2127,Minhaz,Weapon,Gun,Weapon used as Gun,Farhan
C7205,Farhan,Location,Living Room,Location used as Living Room,Farhan
C3471,Minhaz,Motive,Greed,Motive used as Greed,Hasib
C8302,Hasib,Opportunity,High,Opportunity used as High,Fanna
C4457,Hasib,Motive,Jealousy,Motive used as Jealousy,Hasib
C4897,Minhaz,Motive,Greed,Motive used as Greed,Hasib
C6466,Fanna,Opportunity,High,Opportunity used as High,Hasib
C5809,Fanna,Location,Kitchen,Location used as Kitchen,Hasib
C4876,Hasib,Location,Garden,Location used as Garden,Hasib
C2992,Farhan,Weapon,Knife,Weapon used as Knife,Farhan
C7642,Minhaz,Opportunity,High,Opportunity used as High,Minhaz
C6022,Minhaz,Motive,Jealousy,Motive used as Jealousy,Minhaz
C1584,Hasib,Location,Bedroom,Location used as Bedroom,Hasib
C6094,Farhan,Motive,Revenge,Motive used as Revenge,Minhaz
C8671,Fanna,Location,Living Room,Location used as Living Room,Fanna
C1641,Hasib,Weapon,Poison,Weapon used as Poison,Hasib
C3139,Farhan,Opportunity,High,Opportunity used as High,Hasib
C6800,Minhaz,Opportunity,High,Opportunity used as High,Farhan
C5277,Minhaz,Motive,Greed,Motive used as Greed,Hasib
C3948,Minhaz,Weapon,Fists,Weapon used as Fists,Minhaz
C5032,Farhan,Motive,Revenge,Motive used as Revenge,Farhan
C2936,Farhan,Weapon,Gun,Weapon used as Gun,Hasib
C2125,Minhaz,Motive,Greed,Motive used as Greed,Farhan
C8235,Fanna,Weapon,Fists,Weapon used as Fists,Minhaz
C2344,Minhaz,Weapon,Knife,Weapon used as Knife,Minhaz
C6748,Hasib,Motive,Greed,Motive used as Greed,Minhaz
C5629,Fanna,Opportunity,High,Opportunity used as High,Minhaz
C9340,Farhan,Opportunity,High,Opportunity used as High,Farhan
C6833,Farhan,Location,Kitchen,Location used as Kitchen,Minhaz
C9016,Fanna,Motive,Greed,Motive used as Greed,Hasib
C2199,Minhaz,Motive,Jealousy,Motive used as Jealousy,Farhan
C6975,Hasib,Opportunity,Low,Opportunity used as Low,Hasib
C9381,Farhan,Motive,None,Motive used as None,Farhan
C7579,Fanna,Opportunity,High,Opportunity used as High,Fanna
C5668,Fanna,Weapon,Fists,Weapon used as Fists,Fanna
C2959,Minhaz,Weapon,Gun,Weapon used as Gun,Minhaz
C2068,Minhaz,Motive,None,Motive used as None,Minhaz
C8248,Hasib,Opportunity,Low,Opportunity used as Low,Farhan
C1835,Fanna,Opportunity,Low,Opportunity used as Low,Fanna
C4298,Minhaz,Opportunity,Low,Opportunity used as Low,Fanna
C3993,Minhaz,Opportunity,Medium,Opportunity used as Medium,Minhaz
C5850,Farhan,Weapon,Poison,Weapon used as Poison,Fanna
C2039,Hasib,Opportunity,High,Opportunity used as High,Farhan
C4026,Farhan,Location,Bedroom,Location used as Bedroom,Farhan
C6708,Farhan,Motive,None,Motive used as None,Farhan
C4763,Fanna,Location,Garden,Location used as Garden,Fanna
C1095,Hasib,Weapon,Fists,Weapon used as Fists,Fanna
C9870,Minhaz,Opportunity,High,Opportunity used as High,Minhaz
C2125,Minhaz,Motive,Jealousy,Motive used as Jealousy,Fanna
C9328,Hasib,Opportunity,Medium,Opportunity used as Medium,Hasib
C2996,Farhan,Opportunity,High,Opportunity used as High,Minhaz
C2295,Minhaz,Motive,Greed,Motive used as Greed,Farhan
C4347,Farhan,Motive,Jealousy,Motive used as Jealousy,Fanna
C3899,Minhaz,Opportunity,High,Opportunity used as High,Minhaz
C6665,Fanna,Weapon,Gun,Weapon used as Gun,Fanna
C1672,Hasib,Motive,Greed,Motive used as Greed,Hasib
C8692,Farhan,Weapon,Gun,Weapon used as Gun,Farhan
C4664,Fanna,Motive,Jealousy,Motive used as Jealousy,Fanna
C5128,Hasib,Weapon,Knife,Weapon used as Knife,Hasib
C9962,Minhaz,Opportunity,High,Opportunity used as High,Minhaz
C2708,Minhaz,Opportunity,High,Opportunity used as High,Farhan
C5801,Minhaz,Opportunity,Medium,Opportunity used as Medium,Hasib
C7994,Fanna,Location,Garden,Location used as Garden,Fanna
C3067,Minhaz,Opportunity,Medium,Opportunity used as Medium,Minhaz
C3163,Fanna,Opportunity,Low,Opportunity used as Low,Farhan
C5030,Hasib,Weapon,Knife,Weapon used as Knife,Hasib
C7561,Minhaz,Location,Living Room,Location used as Living Room,Minhaz
C5480,Fanna,Motive,Revenge,Motive used as Revenge,Hasib
C9965,Minhaz,Motive,Jealousy,Motive used as Jealousy,Minhaz
C2384,Minhaz,Location,Kitchen,Location used as Kitchen,Farhan
C5726,Minhaz,Motive,Jealousy,Motive used as Jealousy,Minhaz
C9210,Hasib,Location,Bedroom,Location used as Bedroom,Hasib
C3689,Fanna,Location,Bedroom,Location used as Bedroom,Minhaz
C6234,Farhan,Location,Kitchen,Location used as Kitchen,Hasib
C9423,Farhan,Location,Living Room,Location used as Living Room,Farhan
C9374,Farhan,Motive,None,Motive used as None,Farhan
C3400,Fanna,Location,Bedroom,Location used as Bedroom,Fanna
C4187,Fanna,Location,Living Room,Location used as Living Room,Minhaz
C7830,Hasib,Location,Garden,Location used as Garden,Hasib
C7090,Hasib,Opportunity,High,Opportunity used as High,Farhan
C7525,Hasib,Motive,Greed,Motive used as Greed,Minhaz
C6142,Minhaz,Location,Living Room,Location used as Living Room,Minhaz
C3142,Fanna,Motive,Revenge,Motive used as Revenge,Minhaz
C9552,Hasib,Motive,None,Motive used as None,Hasib
C7562,Fanna,Location,Kitchen,Location used as Kitchen,Fanna
C1060,Fanna,Motive,Revenge,Motive used as Revenge,Hasib
C6385,Farhan,Opportunity,Low,Opportunity used as Low,Farhan
C9991,Hasib,Motive,None,Motive used as None,Farhan
C5179,Farhan,Opportunity,Low,Opportunity used as Low,Fanna
C7211,Fanna,Weapon,Fists,Weapon used as Fists,Fanna
C9710,Hasib,Weapon,Knife,Weapon used as Knife,Farhan
C7650,Minhaz,Motive,Revenge,Motive used as Revenge,Farhan
C2757,Fanna,Motive,Revenge,Motive used as Revenge,Fanna
C9153,Hasib,Opportunity,Low,Opportunity used as Low,Farhan
C7945,Hasib,Opportunity,High,Opportunity used as High,Hasib
C2876,Minhaz,Weapon,Fists,Weapon used as Fists,Minhaz
C1818,Minhaz,Location,Kitchen,Location used as Kitchen,Minhaz
C1946,Farhan,Motive,None,Motive used as None,Hasib
C6218,Minhaz,Location,Kitchen,Location used as Kitchen,Minhaz
C2471,Fanna,Weapon,Knife,Weapon used as Knife,Minhaz
C4015,Minhaz,Opportunity,High,Opportunity used as High,Minhaz
C1343,Fanna,Opportunity,Low,Opportunity used as Low,Fanna
C8374,Hasib,Motive,Jealousy,Motive used as Jealousy,Hasib
C3547,Hasib,Weapon,Poison,Weapon used as Poison,Hasib
C2673,Farhan,Location,Garden,Location used as Garden,Fanna
C3491,Fanna,Weapon,Poison,Weapon used as Poison,Fanna
C7895,Minhaz,Motive,None,Motive used as None,Minhaz
C7507,Minhaz,Motive,Greed,Motive used as Greed,Minhaz
C7221,Hasib,Weapon,Fists,Weapon used as Fists,Hasib
C6472,Minhaz,Location,Bedroom,Location used as Bedroom,Minhaz
C7210,Fanna,Weapon,Gun,Weapon used as Gun,Hasib
C8158,Minhaz,Weapon,Knife,Weapon used as Knife,Minhaz
C4452,Farhan,Location,Kitchen,Location used as Kitchen,Farhan
C2536,Minhaz,Opportunity,Low,Opportunity used as Low,Fanna
C3430,Fanna,Opportunity,Low,Opportunity used as Low,Farhan
C6819,Fanna,Motive,None,Motive used as None,Farhan
C5380,Minhaz,Opportunity,Medium,Opportunity used as Medium,Farhan
C4827,Farhan,Location,Kitchen,Location used as Kitchen,Farhan
C6742,Minhaz,Location,Garden,Location used as Garden,Hasib
C4183,Farhan,Weapon,Poison,Weapon used as Poison,Hasib
C8329,Farhan,Opportunity,Low,Opportunity used as Low,Minhaz
C4597,Farhan,Location,Bedroom,Location used as Bedroom,Farhan
C7318,Fanna,Motive,None,Motive used as None,Minhaz
C2096,Minhaz,Location,Kitchen,Location used as Kitchen,Hasib
C5240,Minhaz,Motive,Greed,Motive used as Greed,Hasib
C9803,Fanna,Opportunity,Low,Opportunity used as Low,Fanna
C6103,Minhaz,Opportunity,High,Opportunity used as High,Minhaz
C4455,Farhan,Location,Bedroom,Location used as Bedroom,Farhan
C3023,Fanna,Opportunity,High,Opportunity used as High,Fanna
C1669,Hasib,Motive,None,Motive used as None,Minhaz
C1523,Fanna,Location,Kitchen,Location used as Kitchen,Farhan
C8337,Farhan,Motive,Greed,Motive used as Greed,Farhan
C3743,Farhan,Weapon,Fists,Weapon used as Fists,Hasib
C3656,Hasib,Opportunity,Medium,Opportunity used as Medium,Farhan
C6504,Hasib,Motive,Jealousy,Motive used as Jealousy,Farhan
C4486,Fanna,Weapon,Knife,Weapon used as Knife,Fanna
C4006,Hasib,Weapon,Poison,Weapon used as Poison,Farhan
C8808,Fanna,Weapon,Gun,Weapon used as Gun,Fanna
C7478,Minhaz,Weapon,Knife,Weapon used as Knife,Fanna
C2996,Hasib,Opportunity,Medium,Opportunity used as Medium,Farhan
C6153,Fanna,Opportunity,High,Opportunity used as High,Farhan
C2581,Hasib,Weapon,Gun,Weapon used as Gun,Fanna
C8794,Hasib,Location,Garden,Location used as Garden,Farhan
C5779,Farhan,Motive,None,Motive used as None,Farhan
C6901,Fanna,Opportunity,Low,Opportunity used as Low,Minhaz
C3262,Minhaz,Motive,Revenge,Motive used as Revenge,Minhaz
C6063,Minhaz,Motive,None,Motive used as None,Hasib
C9775,Hasib,Opportunity,Medium,Opportunity used as Medium,Farhan
C1345,Minhaz,Motive,Greed,Motive used as Greed,Minhaz
C3794,Fanna,Motive,Jealousy,Motive used as Jealousy,Farhan
C1345,Fanna,Weapon,Gun,Weapon used as Gun,Hasib
C4457,Minhaz,Motive,Revenge,Motive used as Revenge,Farhan
C2962,Farhan,Opportunity,Medium,Opportunity used as Medium,Hasib
C7411,Hasib,Motive,Jealousy,Motive used as Jealousy,Hasib
C1950,Farhan,Weapon,Poison,Weapon used as Poison,Farhan
C1447,Minhaz,Opportunity,Medium,Opportunity used as Medium,Hasib
C8006,Fanna,Motive,Jealousy,Motive used as Jealousy,Fanna
C5379,Farhan,Weapon,Poison,Weapon used as Poison,Farhan
C1227,Hasib,Motive,Jealousy,Motive used as Jealousy,Hasib
C3348,Minhaz,Weapon,Knife,Weapon used as Knife,Farhan
C2010,Hasib,Location,Kitchen,Location used as Kitchen,Farhan
C6141,Farhan,Opportunity,Medium,Opportunity used as Medium,Farhan
C1592,Fanna,Weapon,Gun,Weapon used as Gun,Farhan
C6045,Minhaz,Weapon,Knife,Weapon used as Knife,Fanna
C8931,Hasib,Weapon,Poison,Weapon used as Poison,Hasib
C5178,Hasib,Opportunity,High,Opportunity used as High,Fanna
C7408,Fanna,Weapon,Gun,Weapon used as Gun,Minhaz
C7164,Fanna,Location,Bedroom,Location used as Bedroom,Fanna
C9256,Hasib,Location,Garden,Location used as Garden,Fanna
C4221,Farhan,Weapon,Gun,Weapon used as Gun,Farhan
C7435,Minhaz,Motive,Revenge,Motive used as Revenge,Farhan
C6825,Hasib,Weapon,Gun,Weapon used as Gun,Fanna
C2956,Hasib,Weapon,Gun,Weapon used as Gun,Farhan
C5348,Farhan,Location,Kitchen,Location used as Kitchen,Farhan
C5600,Farhan,Motive,Greed,Motive used as Greed,Minhaz
C8022,Hasib,Motive,None,Motive used as None,Farhan
C9558,Fanna,Weapon,Poison,Weapon used as Poison,Minhaz
C4048,Hasib,Weapon,Fists,Weapon used as Fists,Hasib
C9120,Fanna,Opportunity,Medium,Opportunity used as Medium,Fanna
C1401,Hasib,Location,Living Room,Location used as Living Room,Fanna
C5379,Fanna,Opportunity,Medium,Opportunity used as Medium,Fanna
C9655,Minhaz,Location,Kitchen,Location used as Kitchen,Minhaz
C8801,Fanna,Weapon,Knife,Weapon used as Knife,Hasib
C6867,Fanna,Opportunity,Medium,Opportunity used as Medium,Fanna
C7881,Fanna,Motive,None,Motive used as None,Fanna
C1198,Farhan,Motive,Revenge,Motive used as Revenge,Farhan
C3012,Fanna,Motive,None,Motive used as None,Minhaz
C6033,Minhaz,Opportunity,Medium,Opportunity used as Medium,Minhaz
C6196,Farhan,Motive,None,Motive used as None,Fanna
C6928,Hasib,Location,Living Room,Location used as Living Room,Hasib
C3879,Minhaz,Opportunity,High,Opportunity used as High,Hasib
C6629,Minhaz,Opportunity,Medium,Opportunity used as Medium,Minhaz
C5492,Fanna,Motive,None,Motive used as None,Farhan
C9024,Fanna,Location,Kitchen,Location used as Kitchen,Hasib
C9535,Hasib,Opportunity,High,Opportunity used as High,Fanna
C9474,Hasib,Motive,Revenge,Motive used as Revenge,Hasib
C9640,Farhan,Location,Garden,Location used as Garden,Farhan
C9900,Fanna,Location,Living Room,Location used as Living Room,Hasib
C3646,Minhaz,Location,Living Room,Location used as Living Room,Minhaz
C1045,Farhan,Opportunity,High,Opportunity used as High,Farhan
C1973,Minhaz,Location,Garden,Location used as Garden,Farhan
C9296,Minhaz,Motive,Jealousy,Motive used as Jealousy,Fanna
C8139,Minhaz,Weapon,Poison,Weapon used as Poison,Fanna
C2278,Hasib,Motive,Revenge,Motive used as Revenge,Minhaz
C1976,Farhan,Location,Garden,Location used as Garden,Minhaz
C9459,Fanna,Motive,Jealousy,Motive used as Jealousy,Fanna
C6209,Hasib,Motive,Greed,Motive used as Greed,Fanna
C5786,Hasib,Opportunity,Low,Opportunity used as Low,Farhan
C5678,Fanna,Motive,Jealousy,Motive used as Jealousy,Hasib
C1740,Hasib,Opportunity,Medium,Opportunity used as Medium,Minhaz
C9503,Hasib,Weapon,Fists,Weapon used as Fists,Hasib
C8087,Minhaz,Opportunity,Low,Opportunity used as Low,Minhaz
C8660,Minhaz,Weapon,Poison,Weapon used as Poison,Minhaz
C5983,Minhaz,Weapon,Gun,Weapon used as Gun,Fanna
C9505,Minhaz,Location,Bedroom,Location used as Bedroom,Hasib
C8353,Fanna,Location,Kitchen,Location used as Kitchen,Hasib
C7188,Fanna,Opportunity,Medium,Opportunity used as Medium,Minhaz
C5066,Fanna,Weapon,Knife,Weapon used as Knife,Fanna
C6127,Fanna,Motive,Revenge,Motive used as Revenge,Minhaz
C6364,Farhan,Weapon,Knife,Weapon used as Knife,Hasib
C5501,Fanna,Motive,Greed,Motive used as Greed,Hasib
C3957,Hasib,Weapon,Poison,Weapon used as Poison,Minhaz
C9728,Minhaz,Opportunity,High,Opportunity used as High,Minhaz
C3353,Hasib,Weapon,Poison,Weapon used as Poison,Fanna
C4770,Minhaz,Location,Garden,Location used as Garden,Minhaz
C7269,Fanna,Motive,Revenge,Motive used as Revenge,Farhan
C3271,Hasib,Weapon,Gun,Weapon used as Gun,Hasib
C8572,Minhaz,Weapon,Fists,Weapon used as Fists,Farhan
C7995,Minhaz,Location,Kitchen,Location used as Kitchen,Hasib
C5070,Fanna,Opportunity,High,Opportunity used as High,Fanna
C8071,Hasib,Location,Bedroom,Location used as Bedroom,Fanna
C1716,Farhan,Opportunity,Low,Opportunity used as Low,Farhan
C4667,Fanna,Opportunity,High,Opportunity used as High,Hasib
C6749,Hasib,Location,Living Room,Location used as Living Room,Hasib
C1743,Hasib,Location,Kitchen,Location used as Kitchen,Minhaz
C7889,Minhaz,Motive,None,Motive used as None,Minhaz
C6968,Farhan,Opportunity,High,Opportunity used as High,Farhan
C1389,Hasib,Opportunity,High,Opportunity used as High,Hasib
C8231,Minhaz,Weapon,Fists,Weapon used as Fists,Minhaz
C7806,Hasib,Opportunity,Medium,Opportunity used as Medium,Farhan
C1734,Farhan,Location,Living Room,Location used as Living Room,Hasib
C8959,Minhaz,Location,Kitchen,Location used as Kitchen,Minhaz
C2564,Fanna,Location,Bedroom,Location used as Bedroom,Fanna
C9401,Hasib,Location,Bedroom,Location used as Bedroom,Hasib
C9333,Minhaz,Location,Bedroom,Location used as Bedroom,Minhaz
C8482,Hasib,Motive,Greed,Motive used as Greed,Hasib
C6496,Fanna,Weapon,Knife,Weapon used as Knife,Fanna
C3656,Farhan,Motive,Greed,Motive used as Greed,Farhan
C1840,Farhan,Motive,Greed,Motive used as Greed,Farhan
C4238,Hasib,Weapon,Fists,Weapon used as Fists,Fanna
C8332,Hasib,Location,Living Room,Location used as Living Room,Hasib
C7537,Hasib,Weapon,Knife,Weapon used as Knife,Farhan
C5359,Farhan,Motive,None,Motive used as None,Farhan
C9269,Fanna,Weapon,Poison,Weapon used as Poison,Fanna
C7697,Hasib,Opportunity,High,Opportunity used as High,Hasib
C3031,Farhan,Location,Bedroom,Location used as Bedroom,Minhaz
C6021,Minhaz,Location,Kitchen,Location used as Kitchen,Hasib
C1569,Minhaz,Weapon,Fists,Weapon used as Fists,Hasib
C8189,Fanna,Motive,Greed,Motive used as Greed,Fanna
C4835,Farhan,Location,Bedroom,Location used as Bedroom,Farhan
C2513,Minhaz,Motive,None,Motive used as None,Fanna
C7847,Hasib,Weapon,Knife,Weapon used as Knife,Hasib
C7668,Minhaz,Opportunity,High,Opportunity used as High,Minhaz
C7174,Fanna,Motive,Revenge,Motive used as Revenge,Fanna
C2840,Hasib,Weapon,Knife,Weapon used as Knife,Hasib
C2501,Fanna,Opportunity,High,Opportunity used as High,Farhan
C4231,Farhan,Weapon,Fists,Weapon used as Fists,Farhan
C9198,Farhan,Location,Bedroom,Location used as Bedroom,Farhan
C7112,Hasib,Weapon,Fists,Weapon used as Fists,Farhan
C3372,Fanna,Motive,Greed,Motive used as Greed,Minhaz
C6381,Minhaz,Opportunity,Low,Opportunity used as Low,Farhan
C9609,Hasib,Opportunity,Low,Opportunity used as Low,Hasib
C2523,Farhan,Location,Garden,Location used as Garden,Farhan
C3094,Hasib,Location,Living Room,Location used as Living Room,Hasib
C1087,Farhan,Weapon,Gun,Weapon used as Gun,Farhan
C4933,Minhaz,Motive,Greed,Motive used as Greed,Minhaz
C1742,Farhan,Location,Living Room,Location used as Living Room,Farhan
C1180,Fanna,Opportunity,Medium,Opportunity used as Medium,Farhan
C1426,Minhaz,Opportunity,Medium,Opportunity used as Medium,Minhaz
C8925,Minhaz,Location,Garden,Location used as Garden,Minhaz
C9692,Minhaz,Weapon,Knife,Weapon used as Knife,Hasib
C2585,Farhan,Location,Garden,Location used as Garden,Farhan
C7216,Farhan,Opportunity,High,Opportunity used as High,Minhaz
C5338,Fanna,Weapon,Poison,Weapon used as Poison,Hasib
C7113,Fanna,Motive,Greed,Motive used as Greed,Fanna
C9156,Hasib,Opportunity,Low,Opportunity used as Low,Farhan
C1948,Farhan,Location,Living Room,Location used as Living Room,Fanna
C7434,Minhaz,Location,Kitchen,Location used as Kitchen,Fanna
C9064,Hasib,Location,Kitchen,Location used as Kitchen,Farhan
C2526,Hasib,Weapon,Poison,Weapon used as Poison,Hasib
C1573,Minhaz,Opportunity,Low,Opportunity used as Low,Fanna
C9671,Hasib,Location,Living Room,Location used as Living Room,Minhaz
C2314,Minhaz,Motive,Jealousy,Motive used as Jealousy,Farhan
C9099,Farhan,Location,Kitchen,Location used as Kitchen,Hasib
C2303,Minhaz,Location,Garden,Location used as Garden,Hasib
C3187,Farhan,Weapon,Fists,Weapon used as Fists,Farhan
C6525,Minhaz,Opportunity,Low,Opportunity used as Low,Fanna
C5385,Hasib,Opportunity,High,Opportunity used as High,Minhaz
C8852,Hasib,Weapon,Poison,Weapon used as Poison,Hasib
C9564,Fanna,Opportunity,Low,Opportunity used as Low,Fanna
C9536,Minhaz,Weapon,Poison,Weapon used as Poison,Farhan
C8864,Fanna,Weapon,Gun,Weapon used as Gun,Fanna
C2982,Minhaz,Opportunity,Medium,Opportunity used as Medium,Minhaz
C9451,Minhaz,Weapon,Poison,Weapon used as Poison,Farhan
C6705,Farhan,Location,Kitchen,Location used as Kitchen,Fanna
C7517,Minhaz,Weapon,Knife,Weapon used as Knife,Fanna
C1007,Fanna,Location,Living Room,Location used as Living Room,Fanna
C9453,Minhaz,Opportunity,High,Opportunity used as High,Farhan
C3352,Farhan,Motive,Greed,Motive used as Greed,Fanna
C1075,Hasib,Motive,Jealousy,Motive used as Jealousy,Fanna
C6488,Minhaz,Location,Kitchen,Location used as Kitchen,Fanna
C9450,Farhan,Location,Garden,Location used as Garden,Farhan
C2542,Farhan,Opportunity,High,Opportunity used as High,Minhaz
C3180,Fanna,Location,Garden,Location used as Garden,Fanna
C3473,Hasib,Weapon,Knife,Weapon used as Knife,Hasib
C5886,Farhan,Opportunity,Low,Opportunity used as Low,Hasib
C8796,Minhaz,Motive,Jealousy,Motive used as Jealousy,Fanna
C5361,Fanna,Motive,Greed,Motive used as Greed,Minhaz
C8740,Fanna,Opportunity,Low,Opportunity used as Low,Fanna
C1323,Fanna,Motive,Revenge,Motive used as Revenge,Fanna
C1575,Fanna,Motive,Greed,Motive used as Greed,Fanna
C5133,Fanna,Motive,Jealousy,Motive used as Jealousy,Fanna
C6331,Hasib,Weapon,Knife,Weapon used as Knife,Fanna
C7555,Fanna,Weapon,Knife,Weapon used as Knife,Fanna
C3955,Fanna,Motive,None,Motive used as None,Fanna
C9105,Farhan,Location,Garden,Location used as Garden,Farhan
C7623,Farhan,Opportunity,Low,Opportunity used as Low,Farhan
C5798,Farhan,Opportunity,Low,Opportunity used as Low,Fanna
C7125,Fanna,Location,Bedroom,Location used as Bedroom,Farhan
C8761,Farhan,Opportunity,High,Opportunity used as High,Farhan
C6607,Farhan,Motive,None,Motive used as None,Farhan
C8197,Farhan,Weapon,Poison,Weapon used as Poison,Farhan
C3217,Hasib,Motive,None,Motive used as None,Minhaz
C6913,Hasib,Location,Kitchen,Location used as Kitchen,Hasib
C2309,Hasib,Weapon,Knife,Weapon used as Knife,Fanna
C9807,Hasib,Weapon,Knife,Weapon used as Knife,Minhaz
C7729,Minhaz,Motive,Jealousy,Motive used as Jealousy,Fanna
C8046,Farhan,Opportunity,Low,Opportunity used as Low,Farhan
C4327,Fanna,Weapon,Gun,Weapon used as Gun,Fanna
C5122,Minhaz,Weapon,Knife,Weapon used as Knife,Minhaz
C4667,Fanna,Motive,Jealousy,Motive used as Jealousy,Minhaz
C1455,Minhaz,Weapon,Knife,Weapon used as Knife,Minhaz
C5514,Farhan,Weapon,Fists,Weapon used as Fists,Hasib
C9746,Fanna,Motive,Greed,Motive used as Greed,Fanna
C2757,Fanna,Location,Garden,Location used as Garden,Farhan
C9165,Hasib,Weapon,Poison,Weapon used as Poison,Fanna
C6171,Farhan,Motive,Jealousy,Motive used as Jealousy,Farhan
C3936,Minhaz,Location,Bedroom,Location used as Bedroom,Minhaz
C3604,Hasib,Opportunity,Medium,Opportunity used as Medium,Minhaz
C8442,Minhaz,Location,Living Room,Location used as Living Room,Fanna
C5428,Farhan,Location,Living Room,Location used as Living Room,Farhan
C8147,Hasib,Weapon,Fists,Weapon used as Fists,Fanna
C8822,Fanna,Weapon,Fists,Weapon used as Fists,Fanna
C5389,Minhaz,Location,Living Room,Location used as Living Room,Minhaz
C3210,Farhan,Weapon,Fists,Weapon used as Fists,Farhan
C6650,Minhaz,Location,Kitchen,Location used as Kitchen,Minhaz
C2817,Hasib,Motive,None,Motive used as None,Minhaz
C4528,Farhan,Weapon,Gun,Weapon used as Gun,Farhan
C3996,Hasib,Location,Kitchen,Location used as Kitchen,Hasib
C5132,Hasib,Weapon,Poison,Weapon used as Poison,Hasib
C3354,Minhaz,Weapon,Gun,Weapon used as Gun,Minhaz
C4642,Fanna,Opportunity,High,Opportunity used as High,Farhan
C4988,Hasib,Location,Garden,Location used as Garden,Farhan
C9125,Fanna,Opportunity,High,Opportunity used as High,Farhan
C9331,Hasib,Weapon,Fists,Weapon used as Fists,Hasib
C4851,Fanna,Opportunity,Medium,Opportunity used as Medium,Fanna
C8364,Farhan,Motive,None,Motive used as None,Hasib
C9722,Minhaz,Weapon,Gun,Weapon used as Gun,Minhaz
C5101,Minhaz,Opportunity,Low,Opportunity used as Low,Minhaz
C6484,Minhaz,Opportunity,Medium,Opportunity used as Medium,Minhaz
C1176,Hasib,Motive,Jealousy,Motive used as Jealousy,Farhan
C1328,Hasib,Weapon,Fists,Weapon used as Fists,Fanna
C9016,Farhan,Motive,Revenge,Motive used as Revenge,Hasib
C7986,Fanna,Motive,None,Motive used as None,Minhaz
C3990,Farhan,Motive,Greed,Motive used as Greed,Hasib
C4589,Hasib,Motive,Revenge,Motive used as Revenge,Hasib
C2966,Farhan,Motive,None,Motive used as None,Farhan
C6219,Farhan,Location,Living Room,Location used as Living Room,Farhan
C2188,Minhaz,Location,Garden,Location used as Garden,Minhaz
C2625,Farhan,Opportunity,High,Opportunity used as High,Farhan
C8800,Minhaz,Opportunity,Medium,Opportunity used as Medium,Farhan
C9472,Hasib,Opportunity,Low,Opportunity used as Low,Farhan
C6403,Farhan,Location,Kitchen,Location used as Kitchen,Fanna
C3111,Farhan,Weapon,Knife,Weapon used as Knife,Farhan
C7080,Fanna,Motive,None,Motive used as None,Fanna
C5121,Hasib,Opportunity,Medium,Opportunity used as Medium,Hasib
C6394,Hasib,Location,Bedroom,Location used as Bedroom,Hasib
C2699,Minhaz,Motive,None,Motive used as None,Minhaz
C6051,Fanna,Opportunity,Low,Opportunity used as Low,Minhaz
C3029,Fanna,Opportunity,Medium,Opportunity used as Medium,Hasib
C7514,Hasib,Location,Kitchen,Location used as Kitchen,Hasib
C6939,Farhan,Location,Kitchen,Location used as Kitchen,Farhan
C9121,Minhaz,Motive,Greed,Motive used as Greed,Minhaz
C4770,Minhaz,Location,Garden,Location used as Garden,Fanna
C7877,Fanna,Weapon,Fists,Weapon used as Fists,Minhaz
C6363,Farhan,Motive,Revenge,Motive used as Revenge,Fanna
C4999,Fanna,Location,Kitchen,Location used as Kitchen,Fanna
C9957,Fanna,Motive,None,Motive used as None,Fanna
C2923,Farhan,Weapon,Gun,Weapon used as Gun,Farhan
C6301,Minhaz,Weapon,Fists,Weapon used as Fists,Minhaz
C7621,Farhan,Weapon,Gun,Weapon used as Gun,Hasib
C5621,Minhaz,Location,Kitchen,Location used as Kitchen,Hasib
C7312,Farhan,Motive,Greed,Motive used as Greed,Farhan
C2158,Minhaz,Location,Bedroom,Location used as Bedroom,Hasib
C2977,Minhaz,Motive,Jealousy,Motive used as Jealousy,Farhan
C6556,Hasib,Opportunity,Low,Opportunity used as Low,Fanna
C2593,Hasib,Motive,Greed,Motive used as Greed,Hasib
C6165,Fanna,Motive,Jealousy,Motive used as Jealousy,Fanna
C5803,Hasib,Weapon,Gun,Weapon used as Gun,Hasib
C4864,Hasib,Location,Garden,Location used as Garden,Hasib
C9636,Hasib,Weapon,Poison,Weapon used as Poison,Farhan
C7100,Farhan,Motive,Revenge,Motive used as Revenge,Fanna
C5560,Minhaz,Motive,None,Motive used as None,Farhan
C4529,Hasib,Location,Kitchen,Location used as Kitchen,Hasib
C6146,Hasib,Motive,Jealousy,Motive used as Jealousy,Farhan
C4327,Hasib,Opportunity,Medium,Opportunity used as Medium,Fanna
C9114,Fanna,Opportunity,Low,Opportunity used as Low,Hasib
C3411,Fanna,Location,Kitchen,Location used as Kitchen,Fanna
C9058,Farhan,Opportunity,High,Opportunity used as High,Hasib
C6863,Farhan,Opportunity,Low,Opportunity used as Low,Minhaz
C5340,Fanna,Opportunity,Medium,Opportunity used as Medium,Minhaz
C2698,Minhaz,Location,Bedroom,Location used as Bedroom,Minhaz
C7701,Farhan,Opportunity,Low,Opportunity used as Low,Farhan
C7122,Fanna,Weapon,Knife,Weapon used as Knife,Hasib
C2096,Minhaz,Opportunity,Medium,Opportunity used as Medium,Farhan
C7239,Fanna,Motive,Greed,Motive used as Greed,Minhaz
C2796,Minhaz,Location,Kitchen,Location used as Kitchen,Minhaz
C5022,Minhaz,Location,Kitchen,Location used as Kitchen,Hasib
C2672,Farhan,Opportunity,High,Opportunity used as High,Fanna
C8883,Fanna,Opportunity,Medium,Opportunity used as Medium,Minhaz
C6667,Fanna,Motive,Jealousy,Motive used as Jealousy,Hasib
C3814,Fanna,Motive,Jealousy,Motive used as Jealousy,Fanna
C5890,Farhan,Motive,None,Motive used as None,Farhan
C1543,Hasib,Weapon,Poison,Weapon used as Poison,Hasib
C4911,Farhan,Location,Bedroom,Location used as Bedroom,Hasib
C5787,Farhan,Weapon,Poison,Weapon used as Poison,Fanna
C3410,Minhaz,Motive,Revenge,Motive used as Revenge,Minhaz
C2996,Hasib,Location,Bedroom,Location used as Bedroom,Hasib
C8060,Hasib,Opportunity,Low,Opportunity used as Low,Hasib
C8918,Fanna,Weapon,Fists,Weapon used as Fists,Fanna
C8496,Fanna,Motive,Greed,Motive used as Greed,Fanna
C1280,Farhan,Opportunity,Medium,Opportunity used as Medium,Fanna
C2859,Farhan,Motive,None,Motive used as None,Farhan
C7631,Fanna,Weapon,Knife,Weapon used as Knife,Farhan
C2185,Minhaz,Opportunity,Low,Opportunity used as Low,Minhaz
C5773,Farhan,Opportunity,Medium,Opportunity used as Medium,Farhan
C9613,Farhan,Opportunity,Low,Opportunity used as Low,Farhan
C1437,Minhaz,Weapon,Gun,Weapon used as Gun,Fanna
C8196,Minhaz,Weapon,Gun,Weapon used as Gun,Farhan
C7128,Hasib,Weapon,Gun,Weapon used as Gun,Fanna
C8063,Fanna,Location,Kitchen,Location used as Kitchen,Farhan
C4545,Fanna,Opportunity,Low,Opportunity used as Low,Farhan
C2603,Farhan,Location,Living Room,Location used as Living Room,Hasib
C5474,Fanna,Location,Kitchen,Location used as Kitchen,Fanna
C6780,Fanna,Weapon,Poison,Weapon used as Poison,Fanna
C7378,Hasib,Opportunity,Low,Opportunity used as Low,Hasib
C8015,Hasib,Motive,Greed,Motive used as Greed,Minhaz
C9975,Fanna,Opportunity,High,Opportunity used as High,Minhaz
C2448,Farhan,Motive,Greed,Motive used as Greed,Farhan
C8362,Minhaz,Motive,Revenge,Motive used as Revenge,Fanna
C4782,Hasib,Motive,Jealousy,Motive used as Jealousy,Fanna
C9374,Farhan,Opportunity,High,Opportunity used as High,Farhan
C4029,Fanna,Motive,Greed,Motive used as Greed,Minhaz
C8060,Minhaz,Motive,Jealousy,Motive used as Jealousy,Minhaz
C7182,Fanna,Weapon,Gun,Weapon used as Gun,Fanna
C8023,Hasib,Opportunity,Low,Opportunity used as Low,Minhaz
C2480,Hasib,Weapon,Knife,Weapon used as Knife,Farhan
C7834,Fanna,Opportunity,Medium,Opportunity used as Medium,Minhaz
C1445,Farhan,Opportunity,Low,Opportunity used as Low,Farhan
C1887,Minhaz,Weapon,Fists,Weapon used as Fists,Fanna
C5640,Minhaz,Location,Living Room,Location used as Living Room,Minhaz
C3706,Farhan,Opportunity,High,Opportunity used as High,Minhaz
C4105,Hasib,Opportunity,Low,Opportunity used as Low,Farhan
C7013,Minhaz,Motive,Jealousy,Motive used as Jealousy,Minhaz
C1291,Hasib,Opportunity,Low,Opportunity used as Low,Farhan
C5321,Fanna,Weapon,Gun,Weapon used as Gun,Fanna
C4022,Minhaz,Motive,Jealousy,Motive used as Jealousy,Fanna
C1221,Minhaz,Motive,Jealousy,Motive used as Jealousy,Minhaz
C7162,Fanna,Location,Kitchen,Location used as Kitchen,Fanna
C1739,Hasib,Weapon,Fists,Weapon used as Fists,Minhaz
C9176,Fanna,Motive,None,Motive used as None,Fanna
C3363,Farhan,Weapon,Fists,Weapon used as Fists,Hasib
C8334,Minhaz,Location,Garden,Location used as Garden,Minhaz
C8165,Hasib,Motive,None,Motive used as None,Farhan
C9196,Hasib,Opportunity,Medium,Opportunity used as Medium,Fanna
C7311,Hasib,Motive,Jealousy,Motive used as Jealousy,Hasib
C9755,Farhan,Location,Bedroom,Location used as Bedroom,Hasib
C1655,Hasib,Motive,Greed,Motive used as Greed,Hasib
C6641,Hasib,Opportunity,Medium,Opportunity used as Medium,Farhan
C6263,Hasib,Location,Living Room,Location used as Living Room,Hasib
C9862,Farhan,Location,Kitchen,Location used as Kitchen,Farhan
C2465,Hasib,Weapon,Gun,Weapon used as Gun,Fanna
C6262,Fanna,Weapon,Fists,Weapon used as Fists,Fanna
C5540,Fanna,Motive,Revenge,Motive used as Revenge,Fanna
C3773,Farhan,Location,Garden,Location used as Garden,Hasib
C6721,Minhaz,Weapon,Knife,Weapon used as Knife,Minhaz
C9851,Fanna,Opportunity,Low,Opportunity used as Low,Hasib
C7861,Hasib,Location,Bedroom,Location used as Bedroom,Hasib
C3220,Hasib,Motive,Jealousy,Motive used as Jealousy,Fanna
C9350,Hasib,Motive,Revenge,Motive used as Revenge,Fanna
C2704,Farhan,Location,Kitchen,Location used as Kitchen,Farhan
C9475,Hasib,Weapon,Knife,Weapon used as Knife,Minhaz
C1684,Fanna,Location,Kitchen,Location used as Kitchen,Fanna
C6398,Fanna,Motive,Revenge,Motive used as Revenge,Fanna
C7501,Fanna,Opportunity,Low,Opportunity used as Low,Minhaz
C1403,Hasib,Opportunity,Low,Opportunity used as Low,Fanna
C9088,Hasib,Location,Living Room,Location used as Living Room,Hasib
C7511,Farhan,Location,Kitchen,Location used as Kitchen,Farhan
C1692,Farhan,Weapon,Fists,Weapon used as Fists,Hasib
C5468,Minhaz,Weapon,Gun,Weapon used as Gun,Minhaz
C4492,Fanna,Motive,Revenge,Motive used as Revenge,Fanna
C4412,Hasib,Weapon,Knife,Weapon used as Knife,Minhaz
C6229,Minhaz,Location,Kitchen,Location used as Kitchen,Fanna
C1818,Fanna,Weapon,Gun,Weapon used as Gun,Fanna
C6994,Minhaz,Opportunity,Medium,Opportunity used as Medium,Hasib
C7494,Hasib,Location,Garden,Location used as Garden,Hasib
C2981,Minhaz,Weapon,Knife,Weapon used as Knife,Farhan
C3435,Hasib,Opportunity,Low,Opportunity used as Low,Farhan
C8562,Hasib,Weapon,Poison,Weapon used as Poison,Hasib
C7556,Minhaz,Opportunity,High,Opportunity used as High,Minhaz
C4277,Minhaz,Motive,Jealousy,Motive used as Jealousy,Hasib
C4473,Farhan,Location,Kitchen,Location used as Kitchen,Farhan
C2425,Minhaz,Location,Kitchen,Location used as Kitchen,Minhaz
C7496,Farhan,Opportunity,Low,Opportunity used as Low,Fanna
C5535,Fanna,Opportunity,Low,Opportunity used as Low,Fanna
C5208,Fanna,Location,Bedroom,Location used as Bedroom,Minhaz
C8442,Hasib,Opportunity,High,Opportunity used as High,Hasib
C5555,Fanna,Opportunity,High,Opportunity used as High,Minhaz
C5333,Farhan,Motive,None,Motive used as None,Farhan
C5923,Farhan,Weapon,Poison,Weapon used as Poison,Farhan
C8940,Hasib,Opportunity,Medium,Opportunity used as Medium,Minhaz
C1009,Farhan,Weapon,Fists,Weapon used as Fists,Fanna
C4624,Farhan,Weapon,Fists,Weapon used as Fists,Farhan
C4366,Fanna,Opportunity,High,Opportunity used as High,Fanna
C8667,Minhaz,Opportunity,High,Opportunity used as High,Minhaz
C1427,Hasib,Weapon,Knife,Weapon used as Knife,Farhan
C1744,Fanna,Weapon,Poison,Weapon used as Poison,Fanna
C4936,Fanna,Location,Kitchen,Location used as Kitchen,Fanna
C8029,Fanna,Opportunity,Low,Opportunity used as Low,Fanna
C1759,Fanna,Motive,Jealousy,Motive used as Jealousy,Hasib
C1614,Farhan,Motive,Greed,Motive used as Greed,Fanna
C7908,Farhan,Opportunity,Low,Opportunity used as Low,Farhan
C3062,Hasib,Weapon,Gun,Weapon used as Gun,Fanna
C3857,Minhaz,Location,Bedroom,Location used as Bedroom,Minhaz
C9306,Hasib,Location,Kitchen,Location used as Kitchen,Hasib
C4680,Fanna,Opportunity,High,Opportunity used as High,Hasib
C6588,Fanna,Location,Garden,Location used as Garden,Fanna
C1973,Minhaz,Opportunity,High,Opportunity used as High,Fanna
C1953,Minhaz,Location,Living Room,Location used as Living Room,Farhan
C9697,Hasib,Opportunity,Medium,Opportunity used as Medium,Hasib
C5215,Farhan,Location,Living Room,Location used as Living Room,Farhan
C1157,Hasib,Location,Bedroom,Location used as Bedroom,Hasib
C7197,Minhaz,Motive,Jealousy,Motive used as Jealousy,Fanna
C1539,Minhaz,Weapon,Fists,Weapon used as Fists,Minhaz
C9499,Hasib,Location,Bedroom,Location used as Bedroom,Hasib
C6624,Farhan,Motive,Revenge,Motive used as Revenge,Farhan
C2078,Minhaz,Opportunity,High,Opportunity used as High,Farhan
C3538,Hasib,Motive,Jealousy,Motive used as Jealousy,Hasib
C5363,Fanna,Motive,Jealousy,Motive used as Jealousy,Fanna
C3226,Minhaz,Location,Living Room,Location used as Living Room,Hasib
C6882,Hasib,Opportunity,Low,Opportunity used as Low,Hasib
C2717,Fanna,Opportunity,High,Opportunity used as High,Hasib
C3927,Hasib,Motive,Jealousy,Motive used as Jealousy,Hasib
C2840,Minhaz,Weapon,Fists,Weapon used as Fists,Minhaz
C5065,Farhan,Opportunity,Medium,Opportunity used as Medium,Fanna
C6550,Farhan,Location,Bedroom,Location used as Bedroom,Fanna
C2564,Farhan,Motive,Revenge,Motive used as Revenge,Hasib
C8904,Minhaz,Opportunity,Medium,Opportunity used as Medium,Farhan
C4366,Fanna,Location,Garden,Location used as Garden,Hasib
C6545,Fanna,Opportunity,High,Opportunity used as High,Hasib
C4956,Fanna,Opportunity,Low,Opportunity used as Low,Fanna
C5901,Hasib,Location,Kitchen,Location used as Kitchen,Hasib
C5450,Hasib,Location,Living Room,Location used as Living Room,Minhaz
C7930,Minhaz,Weapon,Poison,Weapon used as Poison,Minhaz
C2499,Minhaz,Location,Kitchen,Location used as Kitchen,Hasib
